"Topics","Freq"
"360",1
"2018",1
"2d",1
"3d",30
"3d-collision",1
"3d-editor",1
"3d-engine",1
"3d-game-engine",1
"3d-graphics",5
"3d-graphics-framework",1
"3d-milling",1
"3d-model",3
"3d-models",11
"3d-objects",2
"3d-reconstruction",3
"3d-sound",1
"3d-vision",2
"3d-whiteboard-sessions",1
"3dsmax",1
"6dof",3
"6dof-pose",1
"6dof-tracking",2
"8thwall",1
"a-frame",10
"abb",1
"accenture-xr-hackathon",1
"accessibility",2
"acer",1
"acoustics",1
"actionscript",1
"adas",1
"adobe-air",1
"advertisement",2
"affine-transformation",1
"aframe",22
"aframe-component",1
"aframe-vr",1
"aframevr",1
"agents",1
"agile-development",2
"agones",1
"agora",1
"agora-sdk",2
"agumentedreality",2
"ai",6
"aidxr",1
"air-drums",1
"air-native-extensions",1
"akaze",1
"alignment",1
"alignment-strategies",1
"alpaca-ar",1
"altemar",1
"altspacevr",3
"amazon",1
"analytics",2
"anatomy-learning",1
"anchor",1
"andriod",1
"android",100
"android-app",3
"android-application",5
"android-ar",3
"android-augmented-reality",1
"android-development",3
"android-game",2
"android-library",3
"android-sdk",1
"android-studio",6
"android-things",1
"androidapp",1
"androiddevchallenge",1
"androidstudio",1
"ane",1
"angelhack",1
"angular",1
"animation",2
"animoji",1
"annotations",2
"api",2
"api-ai",1
"api-client",1
"app",6
"app-development",1
"appintro",1
"apple",11
"apple-metal",1
"application",1
"application-insights",1
"appstudio",2
"appwrite",1
"apriltags",1
"ar",97
"ar-3d-draw",1
"ar-beauty",1
"ar-drawings",1
"ar-experiences",1
"ar-experiments",1
"ar-filter",1
"ar-foundations",1
"ar-game",2
"ar-gif",1
"ar-hair",1
"ar-js",1
"ar-markers",4
"ar-nav",1
"ar-navigation",2
"ar-occlusion",1
"ar-peggiator",1
"ar-representation",1
"ar-sample",1
"ar-shoot",1
"ar-studio",4
"ar-vr",1
"arabic",1
"arabic-language",1
"arcgis",2
"arcgis-online",1
"architecture",3
"arcore",44
"arcore-android",19
"arcore-flutter-plugin",1
"arcore-kotlin",1
"arcore-location",2
"arcore-sdk",4
"arcore-unity",7
"arduino",2
"arduino-sketch",1
"area",1
"areal",1
"arfaceanchor",1
"arfoundation",5
"arframe",1
"argmented-reality",1
"argon",3
"arjs",13
"arki",1
"arkit",135
"arkit-applemap",3
"arkit-coreml",1
"arkit-demo",6
"arkit-googlemap",1
"arkit-map",3
"arkit-navigation",4
"arkit-plugin",1
"arkit-private-spi",1
"arkit-roaddirection",3
"arkit-scnpath",1
"arkit2",4
"arkit3",6
"arpeggiator",1
"arsandbox",1
"arsession",1
"arsports",1
"art",5
"art-net",1
"artable",1
"artificial-intelligence",5
"artirilmisgerceklik",1
"artists",2
"artoolkit",7
"artoolkit5",2
"artoolkitx",1
"artoolkitx-community",1
"aruco",8
"aruco-library",1
"aruco-markers",3
"assetstore",2
"assistant",2
"audio",2
"audio-applications",1
"audio-visualizer",1
"audiokit",1
"augementedreality",2
"augment-reality",1
"augmenta",1
"augmented",15
"augmented-game",4
"augmented-images",4
"augmented-interactions",2
"augmented-reality",594
"augmented-reality-application",11
"augmented-reality-applications",51
"augmented-reality-apps",2
"augmented-reality-effects",1
"augmentedreality",25
"augmeted",1
"authoring",1
"authoring-tool",1
"auto",1
"autonomous-agents",1
"avatars",1
"avengers",1
"avfoundation",2
"avplayer",2
"awards",1
"awesome",6
"awesome-list",3
"aws",1
"aws-ec2",1
"aws-rds",1
"ayyyyyyyyyyyyyyyy",1
"azure",4
"azure-app-service",1
"azure-spatial-anchors",1
"babylonjs",6
"banished",1
"banuba-sdk",4
"barcode",1
"barcode-reader",1
"barcode-scanner",1
"bark-beetle",1
"barracuda",1
"bash-script",1
"bdi",1
"berlin",1
"berlin-wall",1
"bigscreen",1
"bing-maps",1
"bio",1
"biological-networks",1
"biology",1
"biometrics",1
"blender",1
"blender-models",1
"blippar",1
"blipper",1
"blockchain",2
"blocks",1
"blog",1
"body-based-controls",1
"body-controls",1
"body-tracking",1
"boilerplate",1
"bookreader",1
"bootstrap",1
"bot",1
"brainstorming-sessions",1
"brisk",1
"browser",2
"button",1
"c-plus-plus",4
"c-plus-plus-14",1
"c-sharp",7
"c4d",1
"caffee",1
"calculate-distance",1
"calibration",3
"camera",11
"camera-api",1
"camera-app",1
"camera-calibration",2
"camera-effects",3
"camera-frustum",1
"camera-localization",1
"camera-systems",1
"cannon-js",2
"cannonjs",3
"canvas",1
"capacitor",1
"capacitor-plugin",1
"captions",1
"capture-the-flag",1
"car",2
"car-parking",1
"cardboard",7
"cardboard-vr",4
"carthage",1
"cast",1
"catalog",1
"catalyst",1
"cave",2
"cev",1
"cfd",1
"change-scaling",1
"charts",4
"chat",1
"chatbot",1
"chemistry",3
"chrome-extension",1
"cinema-4d",1
"cisco",1
"civil-engineering",1
"click",1
"cloud",3
"cloud-computing",1
"cloudant-nosql-database",1
"cmake",4
"cnc-milling",1
"cnn",1
"cocapods",1
"cocoapods",4
"code",1
"codelabs",1
"codex",1
"coding-challenge",1
"cognitive",1
"cognitive-services",2
"colab",1
"collaboration",1
"collaborative-session",1
"collective-knowledge",1
"college",1
"college-project",1
"collider",1
"color-conversion",1
"color-detection",1
"color-spaces",1
"colormap",1
"colour-blindness",1
"comic-con",1
"communication",1
"community",1
"computer-animation",1
"computer-architecture",1
"computer-graphics",2
"computer-science",1
"computer-vision",42
"computergraphics-programs",1
"computervision",1
"conference",1
"conformance-tests",1
"connect-four",1
"contour-detection",1
"convolution",1
"convolutional-networks",1
"convolutional-neural-network",2
"convolutional-neural-networks",1
"copresence",1
"cordova",1
"core-ml",1
"coredata",1
"corelocation",5
"coreml",8
"coreml-ar",1
"coreml-framework",1
"coreml-models",2
"coremotion",1
"courses",1
"covid-19",1
"cplusplus",2
"cplusplus-14",1
"cpp",15
"cpp11",1
"cpp14",2
"creative",2
"creative-coding",2
"cross-platform",2
"crystal",1
"csharp",31
"csharp-game",1
"csharp-library",1
"csharp-script",2
"css",2
"css3",1
"cuda",1
"curso-de-html5",1
"curso-em-video",1
"cursoemvideo",1
"custom-engine",1
"cvpixelbuffer",1
"cvpr",1
"cyber-physical-systems",1
"cybersecurity",1
"cyberspace",1
"d3-force",1
"daily-prophet",1
"dance",1
"dapp",2
"data",1
"data-analysis",1
"data-synthesis",1
"data-visualization",7
"database-as-a-service",1
"datamesh",1
"dataset",2
"datasets",1
"datavisualization",2
"daydream",5
"daydream-controllers",1
"deadmau5",1
"debugging",2
"debugging-tool",1
"decentralized",2
"decentralized-application",1
"decentralized-applications",1
"deep",1
"deep-learning",12
"deepar",5
"demo",6
"demo-app",1
"depth",1
"depth-camera",3
"depth-image",1
"depth-pre",1
"depth-sens",1
"design",1
"design-systems",1
"desktop",2
"detection",4
"detune",1
"development",1
"device-orientation",1
"dialogflow",2
"digital-object-architecture",1
"dims",1
"distance",1
"diy",1
"django",5
"djikstra-algorithm",1
"dlib",4
"doa",1
"documentation",1
"dots",1
"drag",1
"drawing",4
"drawing-app",1
"drift",1
"drone",1
"dropbox-api",1
"drug",1
"drum-machine",1
"e-retail",2
"earth",1
"easyar",3
"edge-detection",1
"edge-detection-coreml-model",1
"edith",1
"editor",1
"education",4
"educational",1
"educational-game",1
"electric-motor",1
"elixir",1
"emergency",1
"emergency-medical-services",1
"emg",1
"emoji",2
"emojis",1
"emotion",1
"emotion-recognition",1
"emscripten",1
"enforcement",1
"epsi",1
"epson-moverio",1
"es6",3
"es6-modules",1
"esp8266",1
"esri-labs",2
"ethereum-contract",1
"ethereum-dapp",1
"eurostat",1
"eurostat-data",1
"event-management",1
"events",1
"examples",2
"experiment",1
"expo",1
"expo-three",1
"express",2
"express-js",1
"expressjs",1
"extended-reality",3
"eye-diseases",1
"eye-tracking",1
"face",5
"face-ar",1
"face-detect",1
"face-detection",10
"face-filters",11
"face-landmarks",1
"face-recognition",2
"face-tracking",7
"facebook",14
"facebook-api",1
"facebook-face-recognition",1
"facebook-filter",1
"facebook-graph-api",1
"facebook-login",1
"facebook-sparkar",1
"faceswap",2
"facial",1
"facial-recognition",1
"feathers",1
"feature-detection",1
"feature-extraction",2
"feature-matching",1
"feature-tracking",2
"featureset",1
"fiducial",1
"fiducial-markers",2
"fileformat",1
"film",1
"filmmaking",1
"filter",4
"filterjockeys",1
"filters",5
"finance",1
"fingertip-detection",2
"firebase",9
"firebase-auth",1
"firebase-database",1
"firebase-functions",1
"firefox",1
"firefox-reality",1
"firstaid",1
"fitness",1
"fitness-app",1
"fitting-algorithm",1
"flask",1
"flask-server",1
"floating-icons",1
"fluid-dynamics",1
"flutter",5
"flutter-app",1
"flutter-apps",1
"flutter-examples",1
"focus",1
"focussquare",1
"food",3
"food-delivery",1
"football",1
"force-directed-graphs",1
"foursquare-web",1
"fps",2
"fps-game",1
"framemetadata",1
"framework",6
"freesoftware",1
"front-end",1
"fundamental-matrix",1
"furniture",1
"g-code",1
"gale-crater",1
"game",21
"game-2d",1
"game-dev",1
"game-development",11
"game-engine",3
"gamedev",1
"gamekit",1
"gameobject",1
"gamepad",3
"gameplaykit",1
"gamesparks",1
"gamesparks-sdk",1
"gamesparksrealtime",1
"gamification-framework",1
"gaming",2
"ganache-cli",1
"gaussian-blur",1
"gaussian-filter",1
"gaze-tracking",1
"gdg-devfest",1
"gdnative",1
"gear-vr",5
"gearvr",2
"geocoding",1
"geographical-information-system",1
"geolib",1
"geolocation",3
"geometric-features",1
"geometry-library",1
"geometry-processing",1
"gesture-detection",1
"gesture-recognition",2
"getusermedia",1
"gfx",1
"gh-pages",1
"gif",1
"gif-animation",1
"gis",2
"git",1
"github",1
"github-pages",1
"glassware",1
"glb",2
"glitch",1
"glitch-art",4
"glm",1
"globe",1
"gltf",7
"gltf-loader",1
"gltf2",2
"glud",1
"godot",1
"golang",1
"google",5
"google-api",1
"google-ar",3
"google-ar-sdk",1
"google-arcore",3
"google-cardboard",1
"google-cloud-anchors",1
"google-daydream",1
"google-glass",3
"google-maps",2
"google-maps-api",1
"google-pixel",1
"google-poly",2
"google-sheets",1
"googlevr",2
"gorilla",1
"gorilla-websocket",1
"gpgpu",1
"gps",2
"gps-coordinates",1
"gps-data",2
"gps-location",1
"gradle",1
"graph",1
"graph-theory",1
"graphics",6
"graphics-engine",1
"graphs",2
"graphviz",1
"grasshopper",1
"gtlf",1
"gui",2
"guitar",1
"gustavo-guanabara",2
"gustavoguanabara",1
"gvr",1
"gyroscope",1
"hackathon",8
"hackathon-project",2
"hackday",1
"hackthemountain2020",1
"hacktoberfest",12
"hacktoberfest2018",1
"hacktoberfest2020",3
"hairstyle",1
"hand-detection",2
"hand-keypoint-detection",1
"hand-tracking",2
"haptics",1
"hardware",2
"harry-potter",2
"hci",1
"head-mounted-display",1
"header-files",1
"heads-up-display",2
"health",2
"healthcare",1
"heatmap",1
"help",1
"history",1
"hmd",1
"holo-light",1
"holo-stylus",1
"hologram",1
"holojam",1
"hololens",71
"hololens-applications",3
"hololens-companion-kit",1
"hololens-robot-control",1
"hololens2",6
"hololense",1
"holotoolkit",7
"holotoolkit-unity",1
"homography-matrix",2
"homography-refinement",1
"hsv-color-detection",1
"htc",1
"htc-vive",9
"html",5
"html-css",1
"html5",6
"human-computer-interaction",3
"human-robot-collaboration",1
"human-robot-interaction",2
"ibex-dashboard",1
"ibm-cloud",1
"ibm-visual-recognition",1
"ibm-watson",2
"ibmcode",1
"ibmwatson",1
"iccv2019",1
"identity",1
"iframe",1
"ijcai",1
"ijcai2020",1
"image",1
"image-annotation",1
"image-processing",9
"image-recognition",4
"image-retrieval",1
"image-tracking",2
"imageset",1
"imgproc",1
"immersive",1
"immersive-analytics",1
"incubation",3
"indoor-localisation",1
"indoor-maps",1
"indoor-navigation",3
"indoor-positioning",2
"industrial-automation",1
"industrial-robot",1
"industry",1
"information",2
"initial-positions",1
"inria",1
"inside-out-tracking",1
"inspirations",1
"instagram",10
"instagram-feed",1
"instagram-filter",1
"instagram-filters",2
"instant-messaging",1
"instrument-physical-properties",1
"integration",1
"intelligent-transportation-systems",1
"intellij",1
"intensity",1
"intention",1
"interaction",1
"interactions",1
"interactive-video",1
"invisible-guitars",1
"io",1
"ioc",1
"ionic",4
"ionic-framework",1
"ionic-plugin",1
"ionic2",1
"ionic3",1
"ionicitude",1
"ios",106
"ios-android",1
"ios-app",10
"ios-application",2
"ios-game",1
"ios-lib",1
"ios-sdk",2
"ios-swift",6
"ios-ui",1
"ios10",2
"ios11",18
"ios12",2
"ios13",3
"iot",4
"iot-application",1
"iot-device",1
"iota",1
"ipad",2
"ipados",1
"ipados-application",1
"iphone",10
"iphone-x",2
"ismar",1
"itp",1
"its",1
"jaavscript",1
"jacamo",1
"jarvis",1
"jarvis-ai",1
"java",14
"javafx",1
"javascript",41
"javascript-framework",1
"javasrcipt",1
"javaswing",1
"jenga",1
"jezero-crater",1
"jni",1
"jquery",1
"jsartoolkit",3
"jsartoolkit5",3
"jsartoolkitnft",1
"julia",1
"kalwalt-interactivity-ar",1
"karaoke",1
"keyboard",1
"keynote",1
"kids",1
"kinect-v2",1
"kit",1
"knowledge",1
"kotlin",7
"kudan",1
"kusto",1
"lamborghini",1
"lane-lines-detection",1
"language",1
"laren2j",1
"lasercutter",1
"layout-testing",1
"leap-motion",2
"leap-motion-controller",1
"learning",3
"learning-alphabets",1
"learning-by-doing",1
"lego",1
"lens",1
"lens-studio",1
"libgdx",1
"library",6
"lighting",1
"lighting-estimation",2
"lighting-model-estimation",1
"lightweight",1
"linux",3
"lionel",1
"lipstick",1
"liquid-animations",1
"list",2
"litescenejs",1
"live",1
"living-movie-posters",1
"liyasthomas",2
"lmao",1
"local-network",1
"localization",1
"location",1
"location-ar",2
"location-augmented-reality",2
"location-based",3
"location-based-services",2
"location-management",1
"location-services",1
"location-tracker",1
"location-tracking",1
"locomotion",1
"lowpoly",1
"lsystem",1
"luis",1
"lumin",1
"macbook-pro",1
"machado12",1
"machine",1
"machine-learning",16
"macos",4
"magic-leap",7
"magicleap",8
"magicleapone",3
"magicmirror2",1
"magnum",1
"makeup",1
"manga",1
"map",
"mapbox",2
"mapbox-gl-js",1
"mapbox-ios-sdk",1
"mapcss",1
"mapkit",3
"mapmyindia",1
"mapping",2
"maps",7
"maps-api",1
"mapzen",1
"markdown",1
"marker",1
"marker-ar",1
"marker-augmented-reality",1
"marker-less",2
"markerless",3
"markerless-augmented-reality",3
"markers",1
"marketing",2
"marvel",2
"master-thesis",1
"maths",1
"mcu",1
"mean-shift",1
"measure",1
"media",1
"media-foundation",1
"media-playback",1
"medical",3
"medicare",1
"medicine",1
"medium-article",2
"menu",1
"mesh",2
"meshexpert",1
"meshexpert-live",1
"meshing",1
"messaging",1
"meta2",2
"metal",3
"metalapi",1
"metalkit",2
"metaverse",2
"micds",1
"microsoft",9
"microsoft-bot-framework",1
"microsoft-cognitive-services",1
"microsoft-hololens",3
"microsoftgraph",1
"midi",1
"midi-files",1
"midi-parser",1
"minimap",1
"mixed",5
"mixed-reality",91
"mixed-reality-applications",1
"mixed-reality-framework",1
"mixed-reality-headsets",1
"mixed-reality-toolkit",2
"mixedreality",3
"mixedreality-uxtools-unreal",1
"mixedrealitytookit-unity",3
"mixedrealitytoolkit",3
"mixedrealitytoolkit-unity",1
"mixedrealitytoolkit-waveengine",1
"ml",1
"mlkit",1
"mmo",1
"mobile",11
"mobile-app",5
"mobile-development",2
"mobile-game",2
"mobile-vr",2
"mobileapp",1
"mocap",1
"model",4
"model-viewer",2
"modelio",1
"module",1
"mongodb",2
"monoslam",1
"moon-motion",1
"motion-capture",2
"motion-tracking",1
"mouseposition",1
"movement",1
"movies",2
"mozilla",2
"mp4",1
"mr",13
"mr-recording",1
"mre",1
"mrtk",4
"mrtk-ros-application",1
"msqrd",1
"multi-image-target",1
"multi-model-fitting",1
"multi-robot",1
"multi-sensors-fusion",1
"multipeer-connectivity",1
"multipeerconnectivity",2
"multiplatform",1
"multiplayer",4
"multiplayer-game",3
"multiple-faces",1
"multithreaded",1
"music",2
"mvvm",1
"myo-armband",1
"nasa",2
"nasaspaceapps",1
"native",1
"native-development",2
"native-extension",1
"nativescript",1
"nativescript-plugin",1
"natural-earth",1
"natural-interface",1
"natural-language-processing",1
"navigation",6
"navigation-app",1
"navigation-graph",1
"navigation-path",1
"ndk",4
"ndk-cmake",1
"neo",1
"nerf",2
"nerf-in-the-wild",1
"nerf-w",1
"net",1
"network",2
"networking",4
"neural",1
"neural-network",2
"neural-radiance-fields",2
"news",1
"nfl",1
"nft",6
"nft-marker-creator",1
"nft-viewer",1
"nlp",2
"nltk",1
"node",3
"node-js",1
"node-module",1
"node-red",1
"nodejs",2
"non-unity",1
"normal-estimation",1
"north-calibration",2
"nv21",1
"nvidia-optix",1
"nyu",1
"oauth2",1
"obj",1
"object-detection",7
"object-localization",1
"object-recognition",4
"object-tracking",3
"objective-c",7
"occlusion",2
"ocr",1
"ocr-recognition",1
"oculus",6
"oculus-browser",1
"oculus-quest",4
"oculus-rift",6
"oculus-touch",3
"oculus-vr-sdk",1
"odirlei",1
"oepncv",2
"omnidirectional",1
"onnx",1
"open-source",1
"opencv",44
"opencv-android-sdk",1
"opencv-installation",1
"opencv-python",5
"opencv4android",1
"openframeworks",1
"opengl",19
"opengl-es",3
"opengles",4
"openpose",1
"openscenegraph",1
"opensource",1
"openstreetmap",1
"opentok",1
"openvr",3
"openxr",8
"openxr-cts",1
"openxr-layers",1
"openxr-loader",2
"openxr-sample",1
"openxr-samples",1
"openxr-sdk",1
"orb",2
"orb-slam2",2
"order-food",1
"out-of-view",1
"outlier-removal",1
"overlay",1
"package",1
"pagackes",1
"painting",1
"paper-thin-displays",1
"papers",2
"paradigm-shift",1
"particles",1
"patch",1
"pathfinding",1
"payment-gateway",1
"pazzle",1
"pca",1
"pear",1
"perception",1
"perception-neuron",1
"permaculture",1
"persistence",2
"person-segmentation",1
"personal-project",1
"phone",1
"photo-editing",1
"photogrammetry",2
"photon-pun",1
"photos",1
"photoshop",1
"physics",3
"piano",1
"piano-keyboard",1
"piano-roll",1
"picojs",1
"pinball",1
"pipeline",1
"piping-server",1
"pixar",1
"pixelate",1
"pixelate-shader",1
"pizza",1
"plan-recognition",1
"plane",1
"planet",3
"planning",1
"plants",1
"platform-agnostic",1
"platform-independent",1
"playcanvas",1
"player-position",1
"playgroundbook",1
"plugin",2
"poc",1
"pods",1
"point-cloud",1
"point-of-interest",2
"pokemon",1
"pokemon-go",1
"poly",2
"polyfill",1
"polymer",2
"polymer-3",1
"portal",2
"pose-estimation",7
"poster",1
"postgresql",1
"printing",1
"privacy",2
"privacy-aware",1
"privacy-protection",1
"private-api",1
"procedural",1
"procedural-generation",1
"processing",4
"profiler",1
"profiling",1
"project",3
"project-tango",1
"projection",2
"projective-geometry",2
"projector",2
"projeto-google-glass",1
"prosthesis-training",1
"publication",1
"publish",1
"publish-subscribe",1
"pubnub",2
"pubsub",1
"pwa",1
"pypip",1
"python",13
"python2",1
"python3",3
"pytorch",4
"pytorch-lightning",1
"qml",3
"qr",1
"qr-code",1
"qrcode",2
"qt",3
"qt5",1
"qtcreator",1
"qtquick",1
"quantum-computing",1
"quest",1
"quick-look",1
"quiz-game",1
"r",1
"radiohead",1
"rajawali",1
"random-cluster-model",1
"random-dots",1
"random-sample-consensus",1
"ransac",2
"raspberry-pi",2
"ray-tracing",1
"raycast",1
"raycasthit",1
"raytracing",1
"react",16
"react-ar",1
"react-native",16
"react-native-maps",2
"react-navigation",1
"reactjs",3
"real-estate",1
"real-time",1
"real-time-communications",2
"real-time-face-detection",1
"realidade-aumentada",1
"realism",1
"reality",14
"realitykit",9
"realsense",1
"realsense-camera",1
"realsense-unity-wrapper",1
"realsense2",1
"realtime",1
"realtime-messaging",1
"recognition",1
"recognizing-images",1
"reconstruction",3
"redux",3
"refinement",1
"region-capture",1
"relighting",1
"relocation",1
"rendering",3
"rendering-3d-graphics",1
"replay-sessions",1
"research",1
"resources",1
"restaurant",1
"restaurant-information",1
"restaurants",1
"retrieval",1
"rgb-led",1
"robot-operating-system",1
"robotics",6
"robotics-algorithms",1
"robust-fitting",1
"romanjaquez",1
"room-layout",1
"ros",2
"ros-development",1
"ros-industrial",1
"ros-kinetic",1
"ros2",2
"rosberry",1
"rotation",1
"route-direction",1
"routing-graphs",1
"rstats",2
"rtc",1
"ruby",1
"ruler",1
"ruler-centimeter",1
"rust",1
"rust-lang",1
"saint-petersburg",1
"sales",1
"sample",1
"sample-ar",1
"samples",1
"sandbox",1
"satin",1
"scale",1
"scannet",1
"scene",1
"scene-graph",1
"scene-recognition",2
"scenebuilder",1
"sceneform",9
"sceneform-sdk",2
"scenegraph",1
"scenekit",36
"scenekit-arkit",1
"sceneview",1
"scripting",1
"sdk",14
"seamless",1
"security",2
"segmentation",1
"sensor",1
"sensor-fusion",1
"sequelize",1
"session-management",1
"setactive",1
"sfm",2
"shader",2
"shaderlab",1
"shaders",6
"shadow",2
"shadows",1
"shape-detection",1
"shape-detection-ar",1
"shape-detection-coreml",1
"shape-detection-in-ar",1
"shape-detection-ml",1
"shape-detection-opencv",1
"shape-from-image",1
"shared-reality",1
"shelves",1
"shooter",2
"shooter-game",4
"shopbot",1
"shopping",1
"showroom",1
"simulation",3
"simulation-engine",1
"simulator",1
"site-google-glass",1
"situated-visualization",1
"skeleton",1
"skeleton-tracking",1
"sketchup",1
"slam",11
"slam-algorithms",1
"slam-ar",1
"slice",
"slicer",1
"slide",1
"slide-link",1
"smartglasses",1
"snapchat",4
"sobel",1
"soccer-practice-application",1
"social",1
"social-app",1
"social-media",2
"social-network",1
"social-vr",1
"socket",1
"socket-io",1
"sofa",1
"software",1
"software-development-lifecycle",1
"software-libre",1
"solar",1
"solarsystem",1
"solidity",1
"sonos-devices",1
"sorting-algorithms",1
"spaam",1
"space",1
"spacebrew",1
"spark",3
"spark-ar",14
"spark-ar-creators",1
"spark-ar-studio",9
"sparkar",10
"spatial",2
"spatial-audio",1
"spatial-augmented-reality",1
"spatial-computing",2
"spatialcanvas",1
"speaker",1
"spectatorview",1
"speech",3
"speech-framework",1
"speech-recognition",2
"speech-to-text",1
"spherical-harmonics",1
"spherical-panoramas",1
"sports",1
"spritekit",6
"sql-db",1
"srtm",1
"srworks",1
"stardust-sdk",1
"startups",1
"statistics",1
"steamvr",6
"steamvr-plugin",1
"stereo-matching",1
"stereokit",2
"stereoscopic-videos",1
"studio",1
"subscribe",1
"sudoku",1
"sudoku-solver",1
"summary",1
"sun-position",1
"superimpose-3d-objects",1
"supermariobros",1
"surgery",1
"survival-shooter-game",1
"svm-classifier",1
"svrf",4
"swarm-robotics",1
"swift",83
"swift-3",3
"swift-4",2
"swift-package-manager",3
"swift-playgrounds",1
"swift3",1
"swift4",5
"swift5",1
"swiftpackage",1
"swiftpm",7
"swiftui",2
"sxsw",1
"systems",1
"systems-biology",1
"systems-engineering",1
"tactile-interaction",1
"talk",1
"tangle",1
"tango",2
"tapestry",1
"target-distance",1
"target-tracking",1
"tcp-socket",1
"telepresence",1
"template",2
"tensorflow",4
"tensorflow-lite",1
"tesseract",1
"tesseract-ocr",1
"testflight",1
"testing-viro-ar",1
"tetris-game",1
"tetromino",2
"text",1
"text-recognition",1
"theater",1
"three-ar-js",1
"three-js",12
"threejs",26
"ti1k-dataset",1
"tibco",1
"tibco-labs",1
"titanic-dataset",1
"tool",2
"toolkit",5
"toolkit-unity",1
"toolpath",1
"touch",1
"tour-guide-app",1
"tourism",1
"tourist-assistant",1
"tourist-attractions",1
"tourist-guide",1
"tourist-places",1
"traceability",1
"tracker",1
"tracking",6
"tracking-algorithm",1
"trackingjs",1
"trainging",1
"training-dataset",1
"transgender",1
"translator",1
"travel",2
"tree-generator",1
"triceratops",1
"truedepth",1
"truffle-framework",1
"tutorial",8
"tutorial-code",1
"tutorials",1
"typescript",3
"ubuntu-server",1
"uchiya",1
"udp",1
"ue4",1
"ue4-plugin",1
"ui",1
"uikit",1
"unb",1
"unity",133
"unity-3d",4
"unity-android",2
"unity-ar-distance",1
"unity-arfoundation",1
"unity-asset",9
"unity-editor",2
"unity-game",1
"unity-package-manager",1
"unity-platform",1
"unity-scripts",3
"unity-sdk",1
"unity-tutorial",7
"unity-ui",1
"unity-webxr-exporter",2
"unity2d",1
"unity3d",103
"unity3d-game",1
"unity3d-games",7
"unity3d-plugin",10
"unity3d-script",1
"university",1
"unlitshadowreceive",1
"unreal",1
"unreal-engine",2
"unreal-engine-4",3
"unrealengine",1
"upm",4
"upm-package",3
"ur5",1
"urban-planning",2
"urho3d",1
"urhosharp",1
"usd",1
"usdz",4
"user-experience",2
"user-interaction",1
"user-interface",1
"user-position",1
"uv-mapping",1
"uwp",5
"ux",1
"v-ray",1
"valve-index",1
"vape-nation",1
"vehicle",1
"vertex",1
"video",9
"video-call",2
"video-chat",1
"video-conferencing",1
"video-game",1
"video-player",1
"video-postcards",1
"video-processing",2
"video-streaming",1
"videocall",1
"videojockeys",1
"view-synthesis",1
"viewmodel",1
"vimeo",1
"viro",4
"viro-community",1
"viro-platform",1
"viro-react",4
"virocore",1
"viromedia",2
"virtual",2
"virtual-button",1
"virtual-object",1
"virtual-objects",1
"virtual-production",1
"virtual-reality",93
"virtual-reality-experiences",2
"virtualization",1
"virtualreality",4
"vision",4
"vision-api",1
"visual-inertial",1
"visual-odometry",1
"visual-search",1
"visual-studio",3
"visualiser",1
"visualization",13
"visualizer",1
"visualodometry",1
"vive",8
"vive-controller",1
"vive-tracker-wiki",1
"vivetracker",2
"voice-recognition",1
"volume-rendering",3
"volumetric-video",1
"vr",62
"vr-locomotion",1
"vr-player",1
"vr-solutions",1
"vray",1
"vrcontroller",1
"vscode",1
"vslam",1
"vtuber",1
"vuejs",2
"vuex",1
"vuforia",55
"vuforia-engine",2
"vuforia-realistic-shadows",1
"vuforia-sdk",12
"w3c",1
"walking-tour",1
"watermarking",1
"watson",1
"watson-assistant",1
"watson-conversation",1
"watson-sdk",1
"watson-speech",1
"watson-speech-to-text",1
"watson-text",1
"watson-text-to-speech",1
"waveengine",2
"waveengine-mrtk",1
"wavefront",2
"wavefront-obj",1
"web",10
"web-api",1
"web-ar",2
"web-component",1
"webapp",2
"webar",24
"webarchive-discovery",1
"webarkit",2
"webarkitorg",1
"webaronarcore",1
"webaronarkit",2
"webassembly",1
"webaverse",1
"webbys",1
"webcam",4
"webcam-capture",1
"webcomponents",1
"webdevelopment",1
"webgl",20
"webgl-shader",1
"webgl2",1
"webglstudio",1
"webm",1
"webpack",4
"webrtc",5
"website",3
"websocket",1
"websockets",1
"webvr",18
"webxr",38
"webxr-unity",1
"webxr-youtube-channel",1
"whiteboard",1
"wifi-direct",1
"wifi-direct-service-discovery",1
"wifi-password",1
"wikitude",6
"windowbuilder",1
"windows",4
"windows-10",3
"windows-10-mobile",1
"windows-10-xbox",1
"windows-mixed-reality",9
"windows-phone",1
"windows-universal",1
"windows-uwp",1
"wink",1
"workshop",1
"world-heritage",1
"wot",1
"wp8",1
"wwdc",2
"wwdc17",1
"wwdc19",1
"wwdc2017",1
"wwdc2019",1
"wwdc2020",2
"wwt-hackathon",1
"wwt-hackathon-2017",1
"x3d",1
"xamarin",4
"xamarin-forms",4
"xamarin-ios",1
"xbox-one",1
"xcode",10
"xcode10",1
"xcode9",4
"xml",2
"xr",15
"xr-applications-tracker",1
"xr-space",1
"xrtk",4
"yale-university",1
"yolo",1
"yolo2",1
"yolov2",1
"yolov3",1
"youtube",2
"yuv",1
"zed-camera",4
"zed-mini",1
"zoo",1
"zoom",1